scan_time,ticker,current_price,ctx_Y_closed,ctx_Q_closed,ctx_M_closed,ctx_W_closed,ctx_D_closed,ctx_Y_live,ctx_Q_live,ctx_M_live,ctx_W_live,ctx_D_live,score,sector,industry,etfs,etf_count,etfs_pretty
2026-10-04 23:49:09 EDT,SPY,769.67,2U,2U,1,2D,2U,2U,1,1,2D,2U,8,Unknown,Unknown,,0,
2026-10-04 23:49:09 EDT,QQQ,749.53,2U,1,2U,2U,2U,2U,2U,2U,2U,2U,11,Unknown,Unknown,,0,
2026-10-04 23:49:09 EDT,IWM,281.47,3,2U,2D,2D,2U,2U,2D,2D,2D,2U,0,Unknown,Unknown,,0,
2026-10-04 23:49:09 EDT,DIA,511.07,3,2U,2D,2D,2U,2U,2D,2D,2D,2U,0,Unknown,Unknown,,0,
2026-10-04 23:49:09 EDT,XLK,199.86,3,1,2U,2U,2U,2U,2U,2U,2U,2U,6,Information Technology,Sector ETF,,0,
2026-10-04 23:49:09 EDT,XLF,53.47,2U,2U,3,2D,2U,2U,2D,2D,2D,2U,8,Financials,Sector ETF,,0,
2026-10-04 23:49:09 EDT,XLE,62.84,2D,3,2U,2D,2U,2U,1,1,2D,2U,-3,Energy,Sector ETF,,0,
2026-10-04 23:49:09 EDT,XLY,110.04,2U,1,2D,2D,2U,2U,2D,2D,2D,2U,1,Consumer Discretionary,Sector ETF,,0,
2026-10-04 23:49:09 EDT,XLP,80.54,1,2U,2D,2D,3,2U,2D,2D,2D,3,-1,Consumer Staples,Sector ETF,,0,
2026-10-04 23:49:09 EDT,XLU,39.82,2U,2D,2D,2D,2U,2U,1,1,2D,2U,-3,Utilities,Sector ETF,,0,
2026-10-04 23:49:09 EDT,XLV,166.15,2D,2U,1,3,2D,2U,1,1,3,2D,-2,Health Care,Sector ETF,,0,
2026-10-04 23:49:09 EDT,XLI,169.97,2U,2U,2D,2D,2U,2U,2D,2D,2D,2U,5,Industrials,Sector ETF,,0,
2026-10-04 23:49:09 EDT,SMH,630.75,2U,1,2U,2U,2U,2U,1,2U,2U,2U,11,Unknown,Unknown,,0,
2026-10-04 23:49:09 EDT,ARKK,89.77,2U,2U,2U,2D,2U,1,1,1,2D,2U,11,Unknown,Unknown,,0,
2026-10-04 23:49:09 EDT,TLT,77.49,2D,2D,2D,2D,2U,2D,2D,2D,2D,2U,-13,Unknown,Unknown,,0,
2026-10-04 23:49:09 EDT,GLD,380.18,2U,1,1,2D,3,2U,1,1,2D,3,3,Unknown,Unknown,,0,
2026-10-04 23:49:09 EDT,NVDA,233.99,2U,1,2U,2U,2U,2U,2U,2U,2U,2U,11,Information Technology,Unknown,ARKK|DIA|QQQ|SMH|SPY|XLK,6,"ARKK, DIA, QQQ, SMH, SPY, XLK"
2026-10-04 23:49:09 EDT,AAPL,333.79,2U,2U,2U,2D,2U,2U,1,1,2D,2U,11,Information Technology,Unknown,DIA|QQQ|SPY|XLK,4,"DIA, QQQ, SPY, XLK"
2026-10-04 23:49:09 EDT,GOOGL,343.59,2U,1,2D,2D,1,2U,1,1,2D,1,0,Communication Services,Unknown,QQQ|SPY,2,"QQQ, SPY"
2026-10-04 23:49:09 EDT,MSFT,517.86,3,2U,2U,2U,1,1,2U,2U,2U,1,9,Information Technology,Unknown,DIA|QQQ|SPY|XLK,4,"DIA, QQQ, SPY, XLK"
2026-10-04 23:49:09 EDT,AMZN,251.53,2U,2U,2D,2D,2U,2U,1,1,2D,2U,5,Consumer Discretionary,Unknown,ARKK|DIA|QQQ|SPY|XLY,5,"ARKK, DIA, QQQ, SPY, XLY"
2026-10-04 23:49:09 EDT,META,728.07,2U,3,2U,1,2U,1,1,1,1,2U,9,Communication Services,Unknown,QQQ|SPY,2,"QQQ, SPY"
2026-10-04 23:49:09 EDT,AVGO,355.13,2U,1,2D,2D,2U,2U,1,1,2D,2U,1,Information Technology,Unknown,QQQ|SMH|SPY|XLK,4,"QQQ, SMH, SPY, XLK"
2026-10-04 23:49:09 EDT,TSLA,370.7,2U,2D,2U,2D,2U,1,1,1,2D,2U,3,Consumer Discretionary,Unknown,ARKK|QQQ|SPY|XLY,4,"ARKK, QQQ, SPY, XLY"
2026-10-04 23:49:09 EDT,TSM,472.91,2U,1,2U,2U,2U,2U,2U,2U,2U,2U,11,Unknown,Unknown,ARKK|SMH,2,"ARKK, SMH"
2026-10-04 23:49:09 EDT,BRK-B,502.74,2U,2U,1,2D,2U,1,1,2D,2D,2U,8,Financials,Unknown,SPY|XLF,2,"SPY, XLF"
2026-10-04 23:49:09 EDT,LLY,1143.99,2U,2U,1,2U,3,2U,1,1,2U,3,11,Health Care,Unknown,SPY|XLV,2,"SPY, XLV"
2026-10-04 23:49:09 EDT,WMT,104.29,2U,2D,1,2D,2U,2U,1,2D,2D,2U,0,Consumer Staples,Unknown,DIA|SPY|XLP,3,"DIA, SPY, XLP"
2026-10-04 23:49:09 EDT,JPM,332.39,2U,2U,2D,2D,2U,2U,1,2D,2D,2U,5,Financials,Unknown,DIA|SPY|XLF,3,"DIA, SPY, XLF"
2026-10-04 23:49:09 EDT,V,360.72,2U,2U,1,2D,2D,3,1,2D,2D,2D,6,Financials,Unknown,DIA|SPY|XLF,3,"DIA, SPY, XLF"
2026-10-04 23:49:09 EDT,ORCL,142.51,2U,2D,2U,2D,2U,2D,1,1,2D,2U,3,Information Technology,Unknown,XLK,1,XLK
2026-10-04 23:49:09 EDT,MA,552.39,2U,2U,2D,2D,2D,2D,1,2D,2D,2D,3,Financials,Unknown,SPY|XLF,2,"SPY, XLF"
2026-10-04 23:49:09 EDT,XOM,164.12,1,2U,2U,1,2U,2U,1,1,1,2U,8,Energy,Unknown,SPY|XLE,2,"SPY, XLE"
2026-10-04 23:49:09 EDT,JNJ,256.08,3,2U,2U,2D,2D,2U,1,2D,2D,2D,4,Health Care,Unknown,DIA|SPY|XLV,3,"DIA, SPY, XLV"
2026-10-04 23:49:09 EDT,ASML,1868.24,3,1,2D,2U,2U,2U,1,2U,2U,2U,0,Unknown,Unknown,SMH,1,SMH
2026-10-04 23:49:09 EDT,PLTR,188.79,2U,2U,2U,2U,2U,1,2U,2U,2U,2U,15,Information Technology,Unknown,ARKK|QQQ|SPY|XLK,4,"ARKK, QQQ, SPY, XLK"
2026-10-04 23:49:09 EDT,BAC,53.78,2U,2U,2D,2D,1,2U,2D,2D,2D,1,4,Financials,Unknown,SPY|XLF,2,"SPY, XLF"
2026-10-04 23:49:09 EDT,NFLX,67.07,2U,2D,3,2D,2D,2D,1,2D,2D,2D,-2,Communication Services,Unknown,QQQ|SPY,2,"QQQ, SPY"
2026-10-04 23:49:09 EDT,ABBV,263.0,2U,2U,2U,2D,3,2U,1,1,2D,3,10,Health Care,Unknown,SPY|XLV,2,"SPY, XLV"
2026-10-04 23:49:09 EDT,COST,920.97,2U,2D,2D,2U,1,2U,1,1,2U,1,0,Consumer Staples,Unknown,QQQ|SPY|XLP,3,"QQQ, SPY, XLP"
2026-10-04 23:49:09 EDT,MU,1074.27,3,1,2U,2D,2U,2U,1,1,2D,2U,2,Information Technology,Unknown,QQQ|SMH|SPY|XLK,4,"QQQ, SMH, SPY, XLK"
2026-10-04 23:49:09 EDT,AMD,633.75,3,2U,3,2U,2U,2U,2U,2U,2U,2U,7,Information Technology,Unknown,ARKK|QQQ|SMH|SPY|XLK,5,"ARKK, QQQ, SMH, SPY, XLK"
2026-10-04 23:49:09 EDT,HD,282.88,1,3,2D,2D,2U,2D,2D,2D,2D,2U,-4,Consumer Discretionary,Unknown,DIA|SPY|XLY,3,"DIA, SPY, XLY"
2026-10-04 23:49:09 EDT,GE,309.55,2U,2U,2D,2D,3,2U,1,1,2D,3,4,Industrials,Unknown,XLI,1,XLI
2026-10-04 23:49:09 EDT,BABA,105.85,2U,1,2D,2D,2D,1,1,2D,2D,2D,-1,Unknown,Unknown,,0,
2026-10-04 23:49:09 EDT,PG,144.91,2D,2U,3,3,2U,2D,1,1,3,2U,0,Consumer Staples,Unknown,DIA|XLP,2,"DIA, XLP"
2026-10-04 23:49:09 EDT,UNH,371.91,2D,2U,2D,2D,2U,1,2D,2D,2D,2U,-5,Health Care,Unknown,DIA|XLV,2,"DIA, XLV"
2026-10-04 23:49:09 EDT,CVX,206.73,3,3,2U,1,1,2U,1,1,1,1,3,Energy,Unknown,DIA|XLE,2,"DIA, XLE"
2026-10-04 23:49:09 EDT,WFC,80.45,2U,2U,3,2D,2U,2U,2D,2D,2D,2U,8,Financials,Unknown,XLF,1,XLF
2026-10-04 23:49:09 EDT,GS,902.86,2U,2U,2D,2D,2U,2U,2D,2D,2D,2U,5,Financials,Unknown,DIA|XLF,2,"DIA, XLF"
2026-10-04 23:49:09 EDT,MS,190.33,2U,2U,2D,2D,2U,2U,2D,2D,2D,2U,5,Financials,Unknown,XLF,1,XLF
2026-10-04 23:49:09 EDT,CSCO,112.19,2U,1,2D,2U,2U,2U,1,2U,2U,2U,5,Information Technology,Unknown,QQQ|XLK,2,"QQQ, XLK"
2026-10-04 23:49:09 EDT,AZN,156.91,2U,2D,1,2D,2D,2U,1,2D,2D,2D,-2,Unknown,Unknown,,0,
2026-10-04 23:49:09 EDT,KO,85.67,2U,2U,1,2D,2D,2U,1,2D,2D,2D,6,Consumer Staples,Unknown,XLP,1,XLP
2026-10-04 23:49:09 EDT,CAT,845.53,3,1,2D,2U,2U,2U,1,2U,2U,2U,0,Industrials,Unknown,DIA|XLI,2,"DIA, XLI"
2026-10-04 23:49:09 EDT,TM,181.58,2D,1,3,2D,2D,2U,1,2D,2D,2D,-8,Unknown,Unknown,,0,
2026-10-04 23:49:09 EDT,IBM,222.67,2U,2D,3,2D,2D,3,1,1,2D,2D,-2,Information Technology,Unknown,DIA|XLK,2,"DIA, XLK"
2026-10-04 23:49:09 EDT,HSBC,96.15,2U,2U,2D,2D,1,2U,2D,2D,2D,1,4,Unknown,Unknown,,0,
2026-10-04 23:49:09 EDT,SAP,208.59,2U,3,1,3,2D,2D,1,1,3,2D,4,Unknown,Unknown,,0,
2026-10-04 23:49:09 EDT,MRK,144.31,2D,2U,1,2D,2D,2U,1,1,2D,2D,-4,Health Care,Unknown,XLV,1,XLV
2026-10-04 23:49:09 EDT,NVS,141.03,2U,3,3,3,2D,2U,1,1,3,2D,4,Unknown,Unknown,,0,
2026-10-04 23:49:09 EDT,AXP,302.78,2U,2U,2D,2D,1,1,2D,2D,2D,1,4,Financials,Unknown,DIA|XLF,2,"DIA, XLF"
2026-10-04 23:49:09 EDT,LRCX,347.45,3,1,2D,2U,2U,2U,1,2U,2U,2U,0,Information Technology,Unknown,QQQ|SMH|XLK,3,"QQQ, SMH, XLK"
2026-10-04 23:49:09 EDT,RTX,184.7,2U,2U,2D,2D,2D,2U,2D,2D,2D,2D,3,Industrials,Unknown,XLI,1,XLI
2026-10-04 23:49:09 EDT,NVO,37.29,2D,2U,2D,2D,2D,2D,2D,2D,2D,2D,-7,Unknown,Unknown,,0,
2026-10-04 23:49:09 EDT,CRM,234.64,1,2U,2U,2D,1,2D,1,1,2D,1,5,Information Technology,Unknown,DIA|XLK,2,"DIA, XLK"
2026-10-04 23:49:09 EDT,RY,195.7,2U,2U,2D,2D,2U,2U,2D,2D,2D,2U,5,Unknown,Unknown,,0,
2026-10-04 23:49:09 EDT,PM,187.5,2U,2U,2D,2U,2D,2U,1,1,2U,2D,7,Consumer Staples,Unknown,XLP,1,XLP
2026-10-04 23:49:09 EDT,AMAT,540.04,3,1,2D,2U,2U,2U,1,2U,2U,2U,0,Information Technology,Unknown,QQQ|SMH|XLK,3,"QQQ, SMH, XLK"
2026-10-04 23:49:09 EDT,TMO,654.94,2D,2U,2U,3,2D,2U,1,1,3,2D,1,Health Care,Unknown,XLV,1,XLV
2026-10-04 23:49:09 EDT,ABT,97.51,2U,2U,2D,2D,2D,2D,1,2D,2D,2D,3,Health Care,Unknown,XLV,1,XLV
2026-10-04 23:49:09 EDT,TMUS,163.62,2U,2D,3,2D,3,2D,2D,2D,2D,3,-1,Communication Services,Unknown,QQQ,1,QQQ
2026-10-04 23:49:09 EDT,SHOP,151.39,2U,2U,1,2U,2U,1,1,2U,2U,2U,12,Unknown,Unknown,ARKK|QQQ,2,"ARKK, QQQ"
2026-10-04 23:49:09 EDT,C,128.51,2U,1,3,2D,1,2U,2D,2D,2D,1,3,Financials,Unknown,XLF,1,XLF
2026-10-04 23:49:09 EDT,MCD,231.94,2U,2D,2D,2D,2U,3,2D,2D,2D,2U,-3,Consumer Discretionary,Unknown,DIA|XLY,2,"DIA, XLY"
2026-10-04 23:49:09 EDT,SHEL,96.23,3,3,2U,2U,2U,2U,1,1,2U,2U,6,Unknown,Unknown,,0,
2026-10-04 23:49:09 EDT,ISRG,391.94,2U,2D,3,2U,2D,2D,1,1,2U,2D,2,Health Care,Unknown,QQQ|XLV,2,"QQQ, XLV"
2026-10-04 23:49:09 EDT,APP,267.99,2U,2D,2D,2D,2D,1,2D,2D,2D,2D,-5,Information Technology,Unknown,QQQ|XLK,2,"QQQ, XLK"
2026-10-04 23:49:09 EDT,DIS,102.19,3,3,1,3,1,1,1,2D,3,1,0,Communication Services,Unknown,DIA,1,DIA
2026-10-04 23:49:09 EDT,LIN,479.48,2D,3,2D,2U,2U,2U,1,1,2U,2U,-5,Materials,Unknown,QQQ,1,QQQ
2026-10-04 23:49:09 EDT,BX,111.74,1,2U,2D,2D,2U,2D,2D,2D,2D,2U,0,Financials,Unknown,XLF,1,XLF
2026-10-04 23:49:09 EDT,INTC,119.33,2D,1,2U,2D,2U,2U,1,1,2D,2U,-3,Information Technology,Unknown,QQQ|SMH|XLK,3,"QQQ, SMH, XLK"
2026-10-04 23:49:09 EDT,QCOM,184.91,2D,1,2U,1,2U,2U,1,1,1,2U,-1,Information Technology,Unknown,QQQ|SMH|XLK,3,"QQQ, SMH, XLK"
2026-10-04 23:49:09 EDT,PEP,125.9,2D,2D,2D,2D,2D,3,2D,2D,2D,2D,-15,Consumer Staples,Unknown,QQQ|XLP,2,"QQQ, XLP"
2026-10-04 23:49:09 EDT,MUFG,22.82,2U,2U,2U,3,2U,2U,1,2D,3,2U,13,Unknown,Unknown,,0,
2026-10-04 23:49:09 EDT,GEV,988.79,2U,2U,2D,2U,2U,2U,1,2U,2U,2U,9,Industrials,Unknown,XLI,1,XLI
2026-10-04 23:49:09 EDT,SCHW,96.71,2U,2U,2D,2D,3,2U,1,2D,2D,3,4,Financials,Unknown,XLF,1,XLF
2026-10-04 23:49:09 EDT,KLAC,206.94,2U,1,2D,2U,2U,2U,1,2U,2U,2U,5,Information Technology,Unknown,SMH|XLK,2,"SMH, XLK"
2026-10-04 23:49:09 EDT,BLK,1059.18,2U,2U,2D,2D,2U,1,1,1,2D,2U,5,Financials,Unknown,XLF,1,XLF
2026-10-04 23:49:09 EDT,INTU,281.12,3,1,2D,2D,1,2D,1,1,2D,1,-5,Information Technology,Unknown,XLK,1,XLK
2026-10-04 23:49:09 EDT,AMGN,403.1,1,2U,2D,2U,2D,2U,1,1,2U,2D,2,Health Care,Unknown,DIA|XLV,2,"DIA, XLV"
2026-10-04 23:49:09 EDT,UBER,68.09,2U,3,1,2D,2D,1,1,2D,2D,2D,2,Industrials,Unknown,XLI,1,XLI
2026-10-04 23:49:09 EDT,SAN,13.36,2U,2U,3,2D,2D,2U,2D,2D,2D,2D,6,Unknown,Unknown,,0,
2026-10-04 23:49:09 EDT,BA,193.59,2D,2D,2D,2D,2U,2U,1,1,2D,2U,-13,Industrials,Unknown,DIA|XLI,2,"DIA, XLI"
2026-10-04 23:49:09 EDT,TXN,293.81,3,1,2D,2U,2U,2U,1,2U,2U,2U,0,Information Technology,Unknown,SMH|XLK,2,"SMH, XLK"
2026-10-04 23:49:09 EDT,PDD,75.4,2D,1,2D,2D,2D,2D,2D,2D,2D,2D,-11,Unknown,Unknown,,0,
2026-10-04 23:49:09 EDT,APH,87.0,2U,1,1,2U,2U,2U,1,2U,2U,2U,8,Information Technology,Unknown,XLK,1,XLK
2026-10-04 23:49:09 EDT,T,24.32,2U,2D,2U,2D,2D,2D,1,2D,2D,2D,1,Communication Services,Unknown,,0,
2026-10-04 23:49:09 EDT,BKNG,159.01,2U,2U,2D,1,2D,2D,1,1,1,2D,5,Consumer Discretionary,Unknown,XLY,1,XLY
2026-10-04 23:49:09 EDT,TJX,132.74,2U,2D,2D,2U,2U,2U,1,1,2U,2U,1,Consumer Discretionary,Unknown,XLY,1,XLY
2026-10-04 23:49:09 EDT,VZ,45.93,2U,3,2U,2D,2U,2U,1,1,2D,2U,7,Communication Services,Unknown,,0,
2026-10-04 23:49:09 EDT,ACN,199.03,3,1,2U,3,2D,2D,2U,2U,3,2D,2,Information Technology,Unknown,XLK,1,XLK
2026-10-04 23:49:09 EDT,NEE,76.82,2U,2D,2D,2D,2U,2U,2D,2D,2D,2U,-3,Utilities,Unknown,XLU,1,XLU
2026-10-04 23:49:09 EDT,DHR,214.05,2D,2U,2U,2U,1,2D,1,1,2U,1,4,Health Care,Unknown,XLV,1,XLV
2026-10-04 23:49:09 EDT,ANET,207.4,2U,2U,1,1,2U,2U,1,1,1,2U,10,Unknown,Unknown,,0,
2026-10-04 23:49:09 EDT,HDB,22.36,2U,2D,2D,2D,2D,2D,1,1,2D,2D,-5,Unknown,Unknown,,0,
2026-10-04 23:49:09 EDT,COF,194.73,2U,2U,2D,2D,2U,2U,2D,2D,2D,2U,5,Financials,Unknown,XLF,1,XLF
2026-10-04 23:49:09 EDT,SPGI,386.34,2U,2U,3,2D,2D,2D,2D,2D,2D,2D,6,Financials,Unknown,XLF,1,XLF
2026-10-04 23:49:09 EDT,TD,117.87,2U,2U,1,2D,2U,2U,1,2D,2D,2U,8,Unknown,Unknown,,0,
2026-10-04 23:49:09 EDT,BHP,86.06,2D,2U,1,2D,2U,2U,1,1,2D,2U,-2,Unknown,Unknown,,0,
2026-10-04 23:49:09 EDT,SONY,23.81,2U,2U,1,2U,2U,2D,1,1,2U,2U,12,Unknown,Unknown,,0,
2026-10-04 23:49:09 EDT,NOW,134.37,2U,2U,1,2D,2D,2D,1,1,2D,2D,6,Information Technology,Unknown,XLK,1,XLK
2026-10-04 23:49:09 EDT,GILD,144.72,2U,2U,2U,2D,2D,2U,1,1,2D,2D,9,Health Care,Unknown,XLV,1,XLV
2026-10-04 23:49:09 EDT,UBS,47.72,3,2U,2D,2D,2U,2U,2D,2D,2D,2U,0,Unknown,Unknown,,0,
2026-10-04 23:49:09 EDT,BSX,42.6,2U,2D,2D,2D,2D,2D,2D,2D,2D,2D,-5,Health Care,Unknown,XLV,1,XLV
2026-10-04 23:49:09 EDT,PFE,27.8,2D,2U,2U,3,2D,2U,1,1,3,2D,1,Health Care,Unknown,XLV,1,XLV
2026-10-04 23:49:09 EDT,RIO,94.2,3,2D,2D,2D,2U,2U,1,2D,2D,2U,-8,Unknown,Unknown,,0,
2026-10-04 23:49:09 EDT,ADI,417.18,3,1,3,2U,2U,2U,2U,2U,2U,2U,3,Information Technology,Unknown,SMH|XLK,2,"SMH, XLK"
2026-10-04 23:49:09 EDT,ADBE,237.72,2D,2U,3,2D,2D,2D,1,1,2D,2D,-4,Information Technology,Unknown,XLK,1,XLK
2026-10-04 23:49:09 EDT,SYK,275.48,2U,2D,2D,2U,2D,2D,1,1,2U,2D,-1,Health Care,Unknown,XLV,1,XLV
2026-10-04 23:49:09 EDT,UL,59.71,1,2U,2D,2D,2U,3,2D,2D,2D,2U,0,Unknown,Unknown,,0,
2026-10-04 23:49:09 EDT,UNP,278.28,2D,2U,2D,1,2U,2U,1,1,1,2U,-3,Industrials,Unknown,XLI,1,XLI
2026-10-04 23:49:09 EDT,LOW,180.86,2D,2D,2D,2D,2U,3,2D,2D,2D,2U,-13,Consumer Discretionary,Unknown,XLY,1,XLY
2026-10-04 23:49:09 EDT,TTE,84.46,2D,2D,2U,2D,3,2U,1,2D,2D,3,-8,Unknown,Unknown,,0,
2026-10-04 23:49:09 EDT,BBVA,26.96,2U,2U,3,2D,2D,2U,1,2D,2D,2D,6,Unknown,Unknown,,0,
2026-10-04 23:49:09 EDT,DE,687.26,2U,2U,2U,2D,2U,2U,1,2D,2D,2U,11,Industrials,Unknown,XLI,1,XLI
2026-10-04 23:49:09 EDT,SCCO,205.64,3,3,1,2U,2U,2U,1,1,2U,2U,3,Unknown,Unknown,,0,
2026-10-04 23:49:09 EDT,SMFG,25.42,2U,2U,2U,3,1,2U,1,2D,3,1,12,Unknown,Unknown,,0,
2026-10-04 23:49:09 EDT,HON,214.01,2D,2D,2D,2U,2U,2U,1,2U,2U,2U,-9,Industrials,Unknown,DIA|XLI,2,"DIA, XLI"
2026-10-04 23:49:09 EDT,PANW,403.31,2U,2U,3,2U,2U,3,2U,2U,2U,2U,12,Information Technology,Unknown,XLK,1,XLK
2026-10-04 23:49:09 EDT,ETN,436.1,2U,2U,2D,3,2U,2U,1,2U,3,2U,7,Industrials,Unknown,XLI,1,XLI
2026-10-04 23:49:09 EDT,MDT,86.36,2U,2U,2U,2D,2U,2D,1,2D,2D,2U,11,Health Care,Unknown,XLV,1,XLV
2026-10-04 23:49:09 EDT,WELL,227.75,2U,2U,1,2D,2D,2U,1,2D,2D,2D,6,Real Estate,Unknown,,0,
2026-10-04 23:49:09 EDT,BUD,73.43,3,2U,2D,2D,2U,2U,2D,2D,2D,2U,0,Unknown,Unknown,,0,
2026-10-04 23:49:09 EDT,PGR,210.32,2U,2U,3,1,2U,2D,1,1,1,2U,10,Financials,Unknown,XLF,1,XLF
2026-10-04 23:49:09 EDT,ARM,307.46,1,1,2U,2D,2U,2U,1,1,2D,2U,2,Unknown,Unknown,,0,
2026-10-04 23:49:09 EDT,CB,330.91,2U,2U,2D,2D,2U,2U,2D,2D,2D,2U,5,Financials,Unknown,XLF,1,XLF
2026-10-04 23:49:09 EDT,PLD,128.94,2D,3,2D,2D,2U,2U,2D,2D,2D,2U,-9,Real Estate,Unknown,,0,
2026-10-04 23:49:09 EDT,KKR,90.3,2U,2U,2D,2D,2U,2D,2D,2D,2D,2U,5,Financials,Unknown,XLF,1,XLF
2026-10-04 23:49:09 EDT,LMT,505.52,2D,2D,2D,2D,2D,2U,1,2D,2D,2D,-15,Industrials,Unknown,XLI,1,XLI
2026-10-04 23:49:09 EDT,COP,126.76,2D,3,2U,2D,1,2U,1,1,2D,1,-4,Energy,Unknown,XLE,1,XLE
2026-10-04 23:49:09 EDT,NEM,115.57,2U,3,1,2D,3,2U,1,2D,2D,3,3,Materials,Unknown,,0,
2026-10-04 23:49:09 EDT,VRTX,504.57,2D,2U,2U,3,2D,2U,1,2D,3,2D,1,Health Care,Unknown,XLV,1,XLV
2026-10-04 23:49:09 EDT,BTI,52.63,2U,2D,2D,2D,2D,2U,2D,2D,2D,2D,-5,Unknown,Unknown,,0,
2026-10-04 23:49:09 EDT,SPOT,472.9,2U,2U,2U,2D,2D,2D,1,2D,2D,2D,9,Unknown,Unknown,,0,
2026-10-04 23:49:09 EDT,PH,973.36,2U,2U,2D,2U,2U,2U,1,2U,2U,2U,9,Industrials,Unknown,XLI,1,XLI
2026-10-04 23:49:09 EDT,SNY,39.92,3,2D,2D,2D,2D,2D,2D,2D,2D,2D,-10,Unknown,Unknown,,0,
2026-10-04 23:49:09 EDT,CRWD,270.07,2U,2U,2U,2U,2U,2U,2U,2U,2U,2U,15,Unknown,Unknown,,0,
2026-10-04 23:49:09 EDT,IBN,27.44,2U,2U,2D,2D,2D,2D,1,1,2D,2D,3,Unknown,Unknown,,0,
2026-10-04 23:49:09 EDT,MELI,1696.24,2U,2U,3,2D,1,2D,2D,2D,2D,1,7,Unknown,Unknown,,0,
2026-10-04 23:49:09 EDT,BMY,61.15,2U,2U,2D,3,2D,2U,1,2D,3,2D,5,Health Care,Unknown,XLV,1,XLV
2026-10-04 23:49:09 EDT,CEG,257.55,2U,2D,3,3,2D,1,1,1,3,2D,0,Utilities,Unknown,XLU,1,XLU
2026-10-04 23:49:09 EDT,HCA,427.0,2U,2D,2U,1,1,2U,1,1,1,1,4,Health Care,Unknown,XLV,1,XLV
2026-10-04 23:49:09 EDT,BN,36.92,2U,2D,2D,2D,2U,2U,2D,2D,2D,2U,-3,Unknown,Unknown,,0,
2026-10-04 23:49:09 EDT,HOOD,112.74,2U,2U,2U,2D,2U,1,1,1,2D,2U,11,Financials,Unknown,ARKK|XLF,2,"ARKK, XLF"
2026-10-04 23:49:09 EDT,ADP,257.68,2U,2U,3,2D,2D,2D,1,2D,2D,2D,6,Industrials,Unknown,XLI,1,XLI
2026-10-04 23:49:09 EDT,GSK,47.03,3,2D,2D,2D,2D,2U,2D,2D,2D,2D,-10,Unknown,Unknown,,0,
2026-10-04 23:49:09 EDT,CVS,86.45,2U,2U,2D,3,2U,2U,2D,2D,3,2U,7,Health Care,Unknown,XLV,1,XLV
2026-10-04 23:49:09 EDT,MCK,902.9,2U,2U,2U,3,1,2U,1,1,3,1,12,Health Care,Unknown,XLV,1,XLV
2026-10-04 23:49:09 EDT,SBUX,94.72,2U,2U,2D,1,2U,1,1,1,1,2U,7,Consumer Discretionary,Unknown,XLY,1,XLY
2026-10-04 23:49:09 EDT,ENB,45.98,2U,2D,2D,2D,3,2U,2D,2D,2D,3,-4,Unknown,Unknown,,0,
2026-10-04 23:49:09 EDT,CMCSA,21.58,2D,2D,2D,2D,2D,2D,1,2D,2D,2D,-15,Communication Services,Unknown,,0,
2026-10-04 23:49:09 EDT,DASH,189.2,2U,2U,2D,2D,2U,2D,1,1,2D,2U,5,Consumer Discretionary,Unknown,XLY,1,XLY
2026-10-04 23:49:09 EDT,SNPS,490.05,3,2D,2D,2U,2U,2D,2U,2U,2U,2U,-4,Unknown,Unknown,SMH,1,SMH
2026-10-04 23:49:09 EDT,GD,330.19,3,2U,2D,2D,2D,2U,2D,2D,2D,2D,-2,Industrials,Unknown,XLI,1,XLI
2026-10-04 23:49:09 EDT,MFG,10.89,2U,2U,2U,2U,2U,2U,1,1,2U,2U,15,Unknown,Unknown,,0,
2026-10-04 23:49:09 EDT,CME,263.03,2U,1,2U,1,2D,3,1,1,1,2D,7,Financials,Unknown,XLF,1,XLF
2026-10-04 23:49:09 EDT,NKE,33.88,2D,2D,2D,2D,2D,2D,2D,2D,2D,2D,-15,Consumer Discretionary,Unknown,XLY,1,XLY
2026-10-04 23:49:09 EDT,CVNA,63.78,2U,2D,2D,2D,2U,2U,1,2D,2D,2U,-3,Consumer Discretionary,Unknown,XLY,1,XLY
2026-10-04 23:49:09 EDT,SO,83.73,2U,3,2D,2D,2U,1,1,1,2D,2U,1,Utilities,Unknown,XLU,1,XLU
2026-10-04 23:49:09 EDT,SOMN,45.13,,2D,2D,2D,2U,,1,1,2D,2U,-8,Unknown,Unknown,,0,
2026-10-04 23:49:09 EDT,BMO,165.7,2U,2U,2D,2D,2U,2U,2D,2D,2D,2U,5,Unknown,Unknown,,0,
2026-10-04 23:49:09 EDT,MCO,441.59,2U,2U,2D,2D,2D,2U,2D,2D,2D,2D,3,Unknown,Unknown,,0,
2026-10-04 23:49:09 EDT,ICE,150.15,2U,1,2U,2D,2D,2D,1,2D,2D,2D,5,Financials,Unknown,XLF,1,XLF
2026-10-04 23:49:09 EDT,NTES,117.26,2U,2U,2D,2U,2D,1,1,1,2U,2D,7,Unknown,Unknown,,0,
2026-10-04 23:49:09 EDT,MO,67.35,2U,2U,2U,2D,1,2U,1,2D,2D,1,10,Consumer Staples,Unknown,XLP,1,XLP
2026-10-04 23:49:09 EDT,BNS,91.19,2U,2U,2U,2D,2U,2U,1,2D,2D,2U,11,Unknown,Unknown,,0,
2026-10-04 23:49:09 EDT,DUK,114.11,2U,2D,2D,2D,2U,2U,1,1,2D,2U,-3,Utilities,Unknown,XLU,1,XLU
2026-10-04 23:49:09 EDT,BCS,23.71,2U,2U,2D,2D,1,2U,2D,2D,2D,1,4,Unknown,Unknown,,0,
2026-10-04 23:49:09 EDT,AEM,183.82,2U,3,1,2D,2U,2U,1,2D,2D,2U,4,Unknown,Unknown,,0,
2026-10-04 23:49:09 EDT,UPS,93.03,2D,3,2D,1,3,1,1,1,1,3,-8,Industrials,Unknown,XLI,1,XLI
2026-10-04 23:49:09 EDT,BP,44.79,2D,2D,2U,1,2U,2U,1,1,1,2U,-5,Unknown,Unknown,,0,
2026-10-04 23:49:09 EDT,BAM,44.85,2U,2U,2D,2D,2U,1,1,1,2D,2U,5,Unknown,Unknown,,0,
2026-10-04 23:49:09 EDT,APO,114.02,1,2U,2D,2D,1,2D,2D,2D,2D,1,-1,Unknown,Unknown,,0,
2026-10-04 23:49:09 EDT,MMM,161.89,2U,2U,2D,3,2D,2U,1,1,3,2D,5,Industrials,Unknown,DIA|XLI,2,"DIA, XLI"
2026-10-04 23:49:09 EDT,WM,204.46,2U,3,2D,2D,3,2U,2D,2D,2D,3,0,Industrials,Unknown,XLI,1,XLI
2026-10-04 23:49:09 EDT,USB,57.51,3,2U,2D,2D,2U,2U,2D,2D,2D,2U,0,Financials,Unknown,XLF,1,XLF
2026-10-04 23:49:09 EDT,NOC,478.0,2U,2D,2D,2D,2D,2U,2D,2D,2D,2D,-5,Industrials,Unknown,XLI,1,XLI
2026-10-04 23:49:09 EDT,NU,13.43,2U,2U,2D,2D,2U,2U,1,1,2D,2U,5,Unknown,Unknown,,0,
2026-10-04 23:49:09 EDT,CRH,81.95,2U,2D,2D,2D,1,2U,2D,2D,2D,1,-4,Materials,Unknown,,0,
2026-10-04 23:49:09 EDT,MAR,359.01,2U,2D,2D,2U,2U,2U,1,1,2U,2U,1,Consumer Discretionary,Unknown,XLY,1,XLY
2026-10-04 23:49:09 EDT,HWM,231.36,2U,3,2D,1,2U,2U,1,1,1,2U,3,Industrials,Unknown,XLI,1,XLI
2026-10-04 23:49:09 EDT,CM,110.99,2U,2U,2D,2D,2U,2U,2D,2D,2D,2U,5,Unknown,Unknown,,0,
2026-10-04 23:49:09 EDT,CDNS,351.49,3,1,2D,2U,2U,2U,1,2U,2U,2U,0,Unknown,Unknown,SMH,1,SMH
2026-10-04 23:49:09 EDT,PNC,221.06,1,2U,2D,2D,2U,2U,2D,2D,2D,2U,0,Financials,Unknown,XLF,1,XLF
2026-10-04 23:49:09 EDT,SE,95.19,2U,2U,2D,2D,1,2D,2D,2D,2D,1,4,Unknown,Unknown,,0,
2026-10-04 23:49:09 EDT,TT,463.99,2U,2D,2D,2U,2U,2U,1,2U,2U,2U,1,Industrials,Unknown,XLI,1,XLI
2026-10-04 23:49:09 EDT,ING,34.76,2U,2U,2U,2D,2U,2U,1,2D,2D,2U,11,Unknown,Unknown,,0,
2026-10-04 23:49:09 EDT,SHW,319.67,1,2U,2D,3,2U,2D,1,2D,3,2U,2,Materials,Unknown,DIA,1,DIA
2026-10-04 23:49:09 EDT,ABNB,162.47,2D,2U,1,1,2U,2U,1,1,1,2U,0,Consumer Discretionary,Unknown,XLY,1,XLY
2026-10-04 23:49:09 EDT,ELV,386.65,2D,2U,2U,2D,1,1,1,2D,2D,1,0,Health Care,Unknown,XLV,1,XLV
2026-10-04 23:49:09 EDT,AMT,162.21,1,2D,1,2D,3,2D,1,2D,2D,3,-6,Real Estate,Unknown,,0,
2026-10-04 23:49:09 EDT,DELL,562.22,2D,2U,2U,2D,2U,2U,1,1,2D,2U,1,Unknown,Unknown,,0,
2026-10-04 23:49:09 EDT,EMR,161.62,3,2U,2D,2U,2U,2U,1,2U,2U,2U,4,Industrials,Unknown,XLI,1,XLI
2026-10-04 23:49:09 EDT,RCL,277.93,2U,3,2D,2U,2U,1,1,2U,2U,2U,5,Consumer Discretionary,Unknown,XLY,1,XLY
2026-10-04 23:49:09 EDT,FCX,72.04,2D,2U,1,2D,2U,2U,1,1,2D,2U,-2,Materials,Unknown,,0,
2026-10-04 23:49:09 EDT,SNOW,341.02,2U,2U,2U,2D,3,3,1,1,2D,3,10,Unknown,Unknown,,0,
2026-10-04 23:49:09 EDT,REGN,735.73,2D,2U,3,2D,1,2U,1,2D,2D,1,-3,Health Care,Unknown,XLV,1,XLV
2026-10-04 23:49:09 EDT,LYG,5.51,2U,2U,2D,2D,1,2U,2D,2D,2D,1,4,Unknown,Unknown,,0,
2026-10-04 23:49:09 EDT,ITUB,8.58,3,2D,2U,3,3,2U,1,1,3,3,-1,Unknown,Unknown,,0,
2026-10-04 23:49:09 EDT,NGG,76.13,2U,2D,2D,2D,2U,2U,1,1,2D,2U,-3,Unknown,Unknown,,0,
2026-10-04 23:49:09 EDT,TDG,1090.7,2U,2D,2D,2D,2U,2D,1,1,2D,2U,-3,Industrials,Unknown,XLI,1,XLI
2026-10-04 23:49:09 EDT,EQIX,1026.51,1,1,2D,2D,2U,2U,1,1,2D,2U,-4,Real Estate,Unknown,,0,
2026-10-04 23:49:09 EDT,B,40.24,2U,3,1,2D,2D,2U,1,2D,2D,2D,2,Unknown,Unknown,,0,
2026-10-04 23:49:09 EDT,GM,78.29,2U,2U,2D,2D,2U,2U,1,2D,2D,2U,5,Consumer Discretionary,Unknown,XLY,1,XLY
2026-10-04 23:49:09 EDT,ECL,273.7,2U,2U,2D,3,2U,2U,1,2D,3,2U,7,Materials,Unknown,,0,
2026-10-04 23:49:09 EDT,GLW,164.23,2U,2D,1,3,2U,2U,1,1,3,2U,2,Unknown,Unknown,,0,
2026-10-04 23:49:09 EDT,ORLY,84.89,2U,2D,2D,1,1,1,1,1,1,1,-2,Consumer Discretionary,Unknown,XLY,1,XLY
2026-10-04 23:49:09 EDT,CI,270.59,2D,3,2U,3,1,1,2D,2D,3,1,-2,Health Care,Unknown,XLV,1,XLV
2026-10-04 23:49:09 EDT,RELX,33.42,2U,2U,2D,2D,2U,2D,1,1,2D,2U,5,Unknown,Unknown,,0,
2026-10-04 23:49:09 EDT,CMI,528.43,2U,2D,2D,2D,2U,2U,2D,2D,2D,2U,-3,Industrials,Unknown,XLI,1,XLI
2026-10-04 23:49:09 EDT,AON,269.54,2U,3,2D,2D,2D,2D,2D,2D,2D,2D,-1,Unknown,Unknown,,0,
2026-10-04 23:49:09 EDT,WDC,415.12,3,1,2D,2D,2D,2U,2D,2D,2D,2D,-6,Unknown,Unknown,,0,
2026-10-04 23:49:09 EDT,CTAS,193.02,2U,2U,2D,2U,3,2D,1,1,2U,3,8,Unknown,Unknown,,0,
2026-10-04 23:49:09 EDT,MRVL,272.4,3,1,2U,2U,2U,2U,1,2U,2U,2U,6,Unknown,Unknown,SMH,1,SMH
2026-10-04 23:49:09 EDT,DB,34.97,2U,2U,3,2D,2D,2U,1,2D,2D,2D,6,Unknown,Unknown,,0,
2026-10-04 23:49:09 EDT,PBR,21.65,2D,2D,2U,2U,2U,2U,1,1,2U,2U,-3,Unknown,Unknown,,0,
2026-10-04 23:49:09 EDT,MNST,42.94,2U,2U,2D,2D,2U,2U,1,1,2D,2U,5,Consumer Staples,Unknown,XLP,1,XLP
2026-10-04 23:49:09 EDT,ITW,262.97,2D,2U,2D,2D,2U,2U,2D,2D,2D,2U,-5,Unknown,Unknown,,0,
2026-10-04 23:49:09 EDT,PBR-A,19.6,2D,2D,2U,3,2U,2U,1,1,3,2U,-5,Unknown,Unknown,,0,
2026-10-04 23:49:09 EDT,WMB,70.55,2U,2D,3,2D,2U,2U,2D,2D,2D,2U,0,Energy,Unknown,XLE,1,XLE
2026-10-04 23:49:09 EDT,FDX,290.41,2D,2D,2D,1,2U,2U,1,1,1,2U,-11,Industrials,Unknown,XLI,1,XLI
2026-10-04 23:49:09 EDT,INFY,11.02,3,2D,2D,2U,2D,2D,1,1,2U,2D,-6,Unknown,Unknown,,0,
2026-10-04 23:49:09 EDT,STX,848.99,3,1,2D,3,2D,2U,1,2U,3,2D,-4,Unknown,Unknown,,0,
2026-10-04 23:49:09 EDT,NWG,17.67,2U,2U,2D,2D,2U,2U,2D,2D,2D,2U,5,Unknown,Unknown,,0,
2026-10-04 23:49:09 EDT,WBD,30.93,2U,3,2U,2U,1,2U,1,1,2U,1,10,Communication Services,Unknown,,0,
2026-10-04 23:49:09 EDT,SPG,201.0,2U,2U,2D,2D,2U,2U,2D,2D,2D,2U,5,Real Estate,Unknown,,0,
2026-10-04 23:49:09 EDT,JCI,156.25,2U,2U,2D,2U,2U,2U,1,2U,2U,2U,9,Industrials,Unknown,XLI,1,XLI
2026-10-04 23:49:09 EDT,NET,348.79,2U,2U,3,1,2U,2U,1,1,1,2U,10,Unknown,Unknown,,0,
2026-10-04 23:49:09 EDT,EPD,36.19,1,2D,3,2D,2U,2U,2D,2D,2D,2U,-5,Unknown,Unknown,,0,
2026-10-04 23:49:09 EDT,HLT,319.44,2U,1,2D,2U,2U,2U,1,1,2U,2U,5,Consumer Discretionary,Unknown,XLY,1,XLY
2026-10-04 23:49:09 EDT,TEL,220.43,3,2D,1,2U,2U,2U,2U,2U,2U,2U,-1,Unknown,Unknown,,0,
2026-10-04 23:49:09 EDT,MDLZ,58.19,2D,2U,2D,2D,2U,2D,2D,2D,2D,2U,-5,Consumer Staples,Unknown,XLP,1,XLP
2026-10-04 23:49:09 EDT,COIN,183.0,2U,2D,2U,2D,3,2D,1,1,2D,3,2,Unknown,Unknown,ARKK,1,ARKK
2026-10-04 23:49:09 EDT,AJG,226.2,2U,2U,2D,2D,2D,2D,1,1,2D,2D,3,Unknown,Unknown,,0,
2026-10-04 23:49:09 EDT,CSX,47.45,2D,2U,2D,1,2U,2U,1,1,1,2U,-3,Unknown,Unknown,,0,
2026-10-04 23:49:09 EDT,COR,309.23,2U,2U,3,2D,1,1,1,1,2D,1,7,Health Care,Unknown,XLV,1,XLV
2026-10-04 23:49:09 EDT,CNQ,48.46,2D,3,2U,2D,2U,2U,1,1,2D,2U,-3,Unknown,Unknown,,0,
2026-10-04 23:49:09 EDT,VRT,252.17,2U,2D,2D,2D,2U,2U,1,1,2D,2U,-3,Unknown,Unknown,,0,
2026-10-04 23:49:09 EDT,RACE,388.21,2U,2U,2D,2D,1,2D,1,2D,2D,1,4,Unknown,Unknown,,0,
2026-10-04 23:49:09 EDT,CP,85.96,2D,2U,2D,2D,2U,2U,2D,2D,2D,2U,-5,Unknown,Unknown,,0,
2026-10-04 23:49:09 EDT,TFC,46.45,3,2U,2D,2D,2U,2U,2D,2D,2D,2U,0,Unknown,Unknown,,0,
2026-10-04 23:49:09 EDT,PWR,676.59,2U,1,2D,2U,2U,2U,1,2U,2U,2U,5,Unknown,Unknown,,0,
2026-10-04 23:49:09 EDT,NSC,317.27,3,2U,2D,3,2U,2U,2D,2D,3,2U,2,Unknown,Unknown,,0,
2026-10-04 23:49:09 EDT,RSG,209.58,2U,2U,2U,2D,2D,2D,1,2D,2D,2D,9,Unknown,Unknown,,0,
2026-10-04 23:49:09 EDT,SLB,48.75,2D,3,1,2D,3,2U,1,2D,2D,3,-7,Energy,Unknown,XLE,1,XLE
2026-10-04 23:49:09 EDT,TRV,360.45,2U,2U,2D,2D,2U,2U,1,2D,2D,2U,5,Unknown,Unknown,DIA,1,DIA
2026-10-04 23:49:09 EDT,MSI,447.41,1,2U,2U,2D,2U,2U,1,2D,2D,2U,6,Unknown,Unknown,,0,
2026-10-04 23:49:09 EDT,AMX,21.3,3,2D,2D,2D,2U,2U,2D,2D,2D,2U,-8,Unknown,Unknown,,0,
2026-10-04 23:49:09 EDT,CL,84.26,2D,2U,2D,2D,2D,1,2D,2D,2D,2D,-7,Consumer Staples,Unknown,XLP,1,XLP
2026-10-04 23:49:09 EDT,ADSK,212.08,2U,2U,2D,2D,1,2D,1,1,2D,1,4,Unknown,Unknown,,0,
2026-10-04 23:49:09 EDT,NXPI,243.76,2D,1,2D,2U,2U,2U,1,2U,2U,2U,-5,Unknown,Unknown,SMH,1,SMH
2026-10-04 23:49:09 EDT,MFC,42.97,2U,2U,1,2D,2U,2U,1,2D,2D,2U,8,Unknown,Unknown,,0,
2026-10-04 23:49:09 EDT,PCAR,109.73,2D,2U,2D,2D,2D,2U,2D,2D,2D,2D,-7,Unknown,Unknown,,0,
2026-10-04 23:49:09 EDT,BBYY,8.67,,2D,2D,2D,2D,,2D,2D,2D,2D,-10,Unknown,Unknown,,0,
2026-10-04 23:49:09 EDT,BCCC,13.53,,1,2U,3,2U,,2U,2U,3,2U,4,Unknown,Unknown,,0,
2026-10-04 23:49:09 EDT,BCD,38.47,2U,2U,2U,2D,2D,2U,1,2D,2D,2D,9,Unknown,Unknown,,0,
2026-10-04 23:49:09 EDT,BCDF,31.99,2U,2U,3,2D,2D,2U,1,1,2D,2D,6,Unknown,Unknown,,0,
2026-10-04 23:49:09 EDT,BCFN,21.33,,2U,2D,1,2U,,1,1,1,2U,2,Unknown,Unknown,,0,
2026-10-04 23:49:09 EDT,BCGD,26.36,,2U,2D,2D,2U,,1,1,2D,2U,0,Unknown,Unknown,,0,
2026-10-04 23:49:09 EDT,BCHP,37.73,2U,2U,2D,1,2U,2U,1,1,1,2U,7,Unknown,Unknown,,0,
2026-10-04 23:49:09 EDT,BCI,25.88,2U,2U,2U,2D,2D,2U,1,2D,2D,2D,9,Unknown,Unknown,,0,
2026-10-04 23:49:09 EDT,BCIL,29.27,2U,2U,1,2D,2U,1,1,1,2D,2U,8,Unknown,Unknown,,0,
2026-10-04 23:49:09 EDT,BCKT,40.23,,2D,2D,2D,2D,,2D,2D,2D,2D,-10,Unknown,Unknown,,0,
2026-10-04 23:49:09 EDT,BCLO,49.83,,2U,2U,3,3,,1,1,3,3,7,Unknown,Unknown,,0,
2026-10-04 23:49:09 EDT,BCOR,27.51,,2U,2U,2D,2U,,1,1,2D,2U,6,Unknown,Unknown,,0,
2026-10-04 23:49:09 EDT,BCSM,24.51,,2U,2D,2D,2U,,1,1,2D,2U,0,Unknown,Unknown,,0,
2026-10-04 23:49:09 EDT,BCTK,31.81,,1,1,3,2U,,1,2U,3,2U,1,Unknown,Unknown,,0,
2026-10-04 23:49:09 EDT,BCUS,34.3,2U,1,2D,2D,2U,2U,1,1,2D,2U,1,Unknown,Unknown,,0,
2026-10-04 23:49:09 EDT,BDBT,24.1,,2D,3,2D,2U,,1,2D,2D,2U,-5,Unknown,Unknown,,0,
2026-10-04 23:49:09 EDT,BDEC,54.93,3,2U,2U,2D,2U,2U,1,1,2D,2U,6,Unknown,Unknown,,0,
2026-10-04 23:49:09 EDT,BDGS,38.34,2U,2U,2U,3,2U,2U,2U,2U,3,2U,13,Unknown,Unknown,,0,
2026-10-04 23:49:09 EDT,BDIV,24.39,3,2U,2D,2D,2U,2U,2D,2D,2D,2U,0,Unknown,Unknown,,0,
2026-10-04 23:49:09 EDT,BDRY,14.18,2D,2U,2U,2D,3,2U,1,1,2D,3,0,Unknown,Unknown,,0,
2026-10-04 23:49:09 EDT,BDVG,14.73,3,2U,2D,2D,2U,2U,1,1,2D,2U,0,Unknown,Unknown,,0,
2026-10-04 23:49:09 EDT,BDVL,26.26,,2U,2D,2D,2U,,1,2D,2D,2U,0,Unknown,Unknown,,0,
2026-10-04 23:49:09 EDT,BDYN,28.02,,2U,1,2D,2U,,1,1,2D,2U,3,Unknown,Unknown,,0,
2026-10-04 23:49:09 EDT,BEDY,28.52,,2U,2D,2D,2U,,2D,2D,2D,2U,0,Unknown,Unknown,,0,
2026-10-04 23:49:09 EDT,BEEX,27.41,3,2U,2D,2D,2U,2U,1,2D,2D,2U,0,Unknown,Unknown,,0,
2026-10-04 23:49:09 EDT,BEEZ,34.48,3,2U,2D,3,2U,2U,1,1,3,2U,2,Unknown,Unknown,,0,
2026-10-04 23:49:09 EDT,BEG,54.56,,2D,2U,2U,2U,,1,1,2U,2U,2,Unknown,Unknown,,0,
2026-10-04 23:49:09 EDT,BEGS,18.16,,1,2U,2D,3,,1,1,2D,3,1,Unknown,Unknown,,0,
2026-10-04 23:49:09 EDT,BEMB,50.52,3,2D,2D,2D,1,1,2D,2D,2D,1,-9,Unknown,Unknown,,0,
2026-10-04 23:49:09 EDT,BENJ,53.31,,2U,3,2U,2U,,2U,2U,2U,2U,7,Unknown,Unknown,,0,
2026-10-04 23:49:09 EDT,BESF,37.81,,2D,3,2D,2U,,2D,2D,2D,2U,-5,Unknown,Unknown,,0,
2026-10-04 23:49:09 EDT,BETE,41.11,2D,2U,2U,2D,3,2D,1,1,2D,3,0,Unknown,Unknown,,0,
2026-10-04 23:49:09 EDT,BETH,46.61,2D,2U,2U,2D,2U,2D,1,1,2D,2U,1,Unknown,Unknown,,0,
2026-10-04 23:49:09 EDT,BETZ,16.24,2U,2D,2D,2D,2U,2D,2D,2D,2D,2U,-3,Unknown,Unknown,,0,
2026-10-04 23:49:09 EDT,BEX,39.3,,2D,2U,2U,2U,,1,1,2U,2U,2,Unknown,Unknown,,0,
2026-10-04 23:49:09 EDT,BFAP,16.24,,2U,2U,2D,1,,1,1,2D,1,5,Unknown,Unknown,,0,
2026-10-04 23:49:09 EDT,BFEB,54.29,2U,2U,2U,2D,2U,2U,1,1,2D,2U,11,Unknown,Unknown,,0,
2026-10-04 23:49:09 EDT,BFIX,24.65,2U,3,2D,2D,2U,1,2D,2D,2D,2U,1,Unknown,Unknown,,0,
2026-10-04 23:49:09 EDT,BFJL,19.19,,2U,2U,3,1,,2U,2U,3,1,7,Unknown,Unknown,,0,
2026-10-04 23:49:09 EDT,BFLB,55.74,,2U,3,2D,2U,,1,1,2D,2U,3,Unknown,Unknown,,0,
2026-10-04 23:49:09 EDT,BFOC,17.11,,1,2D,1,2U,,1,1,1,2U,-2,Unknown,Unknown,,0,
2026-10-04 23:49:09 EDT,BFOR,23.32,2U,2U,2D,2D,2U,2U,1,1,2D,2U,5,Unknown,Unknown,,0,
2026-10-04 23:49:09 EDT,BFRZ,27.2,,3,3,1,2U,,1,1,1,2U,1,Unknown,Unknown,,0,
2026-10-04 23:49:09 EDT,BGDV,30.51,3,2U,2D,2D,2U,2U,1,1,2D,2U,0,Unknown,Unknown,,0,
2026-10-04 23:49:09 EDT,BGIG,35.44,2U,2U,2D,2D,2U,2U,2D,2D,2D,2U,5,Unknown,Unknown,,0,
2026-10-04 23:49:09 EDT,BGLD,16.38,3,2U,2D,2D,1,2D,1,1,2D,1,-1,Unknown,Unknown,,0,
2026-10-04 23:49:09 EDT,BGRN,45.44,1,2D,2D,2D,2U,2D,2D,2D,2D,2U,-8,Unknown,Unknown,,0,
2026-10-04 23:49:09 EDT,BGRO,44.81,3,2U,3,2U,2U,2U,2U,2U,2U,2U,7,Unknown,Unknown,,0,
2026-10-04 23:49:09 EDT,BHYB,52.25,2D,2D,2D,2D,2U,1,2D,2D,2D,2U,-13,Unknown,Unknown,,0,
2026-10-04 23:49:09 EDT,BIB,109.76,3,2U,1,2D,2D,2U,1,1,2D,2D,1,Unknown,Unknown,,0,
2026-10-04 23:49:09 EDT,BIBL,55.38,3,1,2D,3,2U,2U,1,1,3,2U,-2,Unknown,Unknown,,0,
2026-10-04 23:49:09 EDT,BIDD,30.43,3,1,2U,2D,2U,2U,1,2D,2D,2U,2,Unknown,Unknown,,0,
2026-10-04 23:49:09 EDT,BIDG,5.68,,2D,2D,2D,2D,,2D,2D,2D,2D,-10,Unknown,Unknown,,0,
2026-10-04 23:49:09 EDT,BIGY,52.85,3,1,2D,2D,2U,1,1,1,2D,2U,-4,Unknown,Unknown,,0,
2026-10-04 23:49:09 EDT,BIL,91.43,2D,2U,2D,3,2U,1,1,1,3,2U,-3,Unknown,Unknown,,0,
2026-10-04 23:49:09 EDT,BILD,27.68,3,2D,2D,2D,2U,2U,2D,2D,2D,2U,-8,Unknown,Unknown,,0,
2026-10-04 23:49:09 EDT,BILS,99.09,1,2D,2D,3,2U,2D,2D,2D,3,2U,-6,Unknown,Unknown,,0,
2026-10-04 23:49:09 EDT,BILT,26.1,,2D,2D,2D,2U,,2D,2D,2D,2U,-8,Unknown,Unknown,,0,
2026-10-04 23:49:09 EDT,BILZ,100.66,2U,3,2D,3,2U,2D,2D,2D,3,2U,3,Unknown,Unknown,,0,
2026-10-04 23:49:09 EDT,BINC,50.56,2D,2D,2D,2D,1,2D,2D,2D,2D,1,-14,Unknown,Unknown,,0,
2026-10-04 23:49:09 EDT,BINT,32.69,,2U,1,2D,2U,,1,2D,2D,2U,3,Unknown,Unknown,,0,
2026-10-04 23:49:09 EDT,BINV,42.74,2U,2U,2D,2D,2D,2U,1,2D,2D,2D,3,Unknown,Unknown,,0,
2026-10-04 23:49:09 EDT,BIS,11.73,3,2D,1,3,2U,2D,1,1,3,2U,-3,Unknown,Unknown,,0,
2026-10-04 23:49:09 EDT,BITB,45.74,2U,2U,2U,3,2U,2D,2U,2U,3,2U,13,Unknown,Unknown,,0,
2026-10-04 23:49:09 EDT,BITC,38.82,1,3,2U,3,3,2D,1,1,3,3,3,Unknown,Unknown,,0,
2026-10-04 23:49:09 EDT,BITI,17.46,2D,2D,2D,3,2D,2U,2D,2D,3,2D,-13,Unknown,Unknown,,0,
2026-10-04 23:49:09 EDT,BITO,11.28,2D,2U,2U,2D,2U,2D,1,1,2D,2U,1,Unknown,Unknown,,0,
2026-10-04 23:49:09 EDT,BITQ,25.27,2U,1,2U,2D,2U,1,1,1,2D,2U,7,Unknown,Unknown,,0,
2026-10-04 23:49:09 EDT,BITS,67.06,2U,1,2U,2D,1,1,1,1,2D,1,6,Unknown,Unknown,,0,
2026-10-04 23:49:09 EDT,BITU,15.4,1,1,2U,3,2U,2D,2U,2U,3,2U,4,Unknown,Unknown,,0,
2026-10-04 23:49:09 EDT,BITW,55.19,2U,2U,2U,3,2U,2D,2U,2U,3,2U,13,Unknown,Unknown,,0,
2026-10-04 23:49:09 EDT,BITX,19.92,1,2U,2U,3,2U,2D,2U,2U,3,2U,8,Unknown,Unknown,,0,
2026-10-04 23:49:09 EDT,BITY,27.94,,1,1,2D,2U,,1,1,2D,2U,-1,Unknown,Unknown,,0,
2026-10-04 23:49:09 EDT,BIV,72.61,2U,2D,2D,2D,2U,3,2D,2D,2D,2U,-3,Unknown,Unknown,,0,
2026-10-04 23:49:09 EDT,BIZD,12.34,3,2U,1,2D,3,2D,1,2D,2D,3,2,Unknown,Unknown,,0,
2026-10-04 23:49:09 EDT,BJAN,60.81,2U,2U,2U,2D,2U,2U,1,1,2D,2U,11,Unknown,Unknown,,0,
2026-10-04 23:49:09 EDT,BJUL,55.78,2U,2U,2U,2D,2U,2U,1,1,2D,2U,11,Unknown,Unknown,,0,
2026-10-04 23:49:09 EDT,BJUN,49.89,3,2U,3,2D,2U,2U,1,1,2D,2U,3,Unknown,Unknown,,0,
2026-10-04 23:49:09 EDT,BKAG,39.83,1,2D,2D,2D,2U,2D,2D,2D,2D,2U,-8,Unknown,Unknown,,0,
2026-10-04 23:49:09 EDT,BKCG,39.73,,2U,2D,2D,2U,,1,1,2D,2U,0,Unknown,Unknown,,0,
2026-10-04 23:49:09 EDT,BKCH,70.08,3,1,2U,2D,2U,1,1,1,2D,2U,2,Unknown,Unknown,,0,
2026-10-04 23:49:09 EDT,BKCI,51.94,2D,2U,2D,2D,2U,2U,2D,2D,2D,2U,-5,Unknown,Unknown,,0,
2026-10-04 23:49:09 EDT,BKDV,33.87,3,2U,2D,2D,2U,2U,1,2D,2D,2U,0,Unknown,Unknown,,0,
2026-10-04 23:49:09 EDT,BKEM,30.82,2U,1,1,2D,2U,2U,1,1,2D,2U,4,Unknown,Unknown,,0,
2026-10-04 23:49:09 EDT,BKF,38.59,2U,1,2D,2D,2D,1,2D,2D,2D,2D,-1,Unknown,Unknown,,0,
2026-10-04 23:49:09 EDT,BKGI,41.75,2U,2D,2D,2D,2U,2U,2D,2D,2D,2U,-3,Unknown,Unknown,,0,
2026-10-04 23:49:09 EDT,BKHY,45.54,2D,2D,2D,2D,2U,1,2D,2D,2D,2U,-13,Unknown,Unknown,,0,
2026-10-04 23:49:09 EDT,BKIE,33.27,3,2U,2D,2D,2U,2U,2D,2D,2D,2U,0,Unknown,Unknown,,0,
2026-10-04 23:49:09 EDT,BKLC,49.2,2U,2U,1,2D,2U,2U,1,1,2D,2U,8,Unknown,Unknown,,0,
2026-10-04 23:49:09 EDT,BKLN,20.47,2D,2U,2U,2D,2U,1,1,2D,2D,2U,1,Unknown,Unknown,,0,
2026-10-04 23:49:09 EDT,BKMC,39.09,3,2U,2D,2D,2U,2U,2D,2D,2D,2U,0,Unknown,Unknown,,0,
2026-10-04 23:49:09 EDT,BKSE,42.09,3,2U,2D,2D,2U,2U,2D,2D,2D,2U,0,Unknown,Unknown,,0,
2026-10-04 23:49:09 EDT,BKUI,49.47,2U,2D,2D,3,3,1,2D,2D,3,3,-2,Unknown,Unknown,,0,
2026-10-04 23:49:09 EDT,BLCR,49.69,3,2U,2D,2D,2U,2U,1,1,2D,2U,0,Unknown,Unknown,,0,
2026-10-04 23:49:09 EDT,BLCV,41.5,2U,2U,2D,2D,2U,2U,2D,2D,2D,2U,5,Unknown,Unknown,,0,
2026-10-04 23:49:09 EDT,BLDG,25.05,2D,2U,2D,2D,1,2U,2D,2D,2D,1,-6,Unknown,Unknown,,0,
2026-10-04 23:49:09 EDT,BLES,47.62,3,2U,2D,2D,2U,2U,2D,2D,2D,2U,0,Unknown,Unknown,,0,
2026-10-04 23:49:09 EDT,BLGR,33.24,,2U,2U,2U,2U,,2U,2U,2U,2U,10,Unknown,Unknown,,0,
2026-10-04 23:49:09 EDT,BLOK,61.82,2U,1,2U,2D,2U,1,1,1,2D,2U,7,Unknown,Unknown,,0,
2026-10-04 23:49:09 EDT,BLOX,13.68,,1,2U,2D,2U,,1,1,2D,2U,2,Unknown,Unknown,,0,
2026-10-04 23:49:09 EDT,BLSG,2.99,,2D,2U,2D,3,,1,1,2D,3,-3,Unknown,Unknown,,0,
2026-10-04 23:49:09 EDT,BLST,24.34,,2D,2D,2D,2U,,1,1,2D,2U,-8,Unknown,Unknown,,0,
2026-10-04 23:49:09 EDT,BLTD,23.42,,2D,2D,2D,2U,,2D,2D,2D,2U,-8,Unknown,Unknown,,0,
2026-10-04 23:49:09 EDT,BLUC,32.32,,2U,3,3,3,,2U,2U,3,3,4,Unknown,Unknown,,0,
2026-10-04 23:49:09 EDT,BLUI,24.73,,2D,2D,2D,2U,,1,1,2D,2U,-8,Unknown,Unknown,,0,
2026-10-04 23:49:09 EDT,BLUX,31.69,,2U,2D,2D,2U,,2D,2D,2D,2U,0,Unknown,Unknown,,0,
2026-10-04 23:49:09 EDT,BLV,62.47,2D,2D,2D,2D,2U,2D,2D,2D,2D,2U,-13,Unknown,Unknown,,0,
2026-10-04 23:49:09 EDT,BMAR,59.4,2U,2U,2U,1,2U,2U,1,1,1,2U,13,Unknown,Unknown,,0,
2026-10-04 23:49:09 EDT,BMAY,48.77,2U,2U,3,2D,2U,2U,1,1,2D,2U,8,Unknown,Unknown,,0,
2026-10-04 23:49:09 EDT,BMED,33.8,3,2U,2U,3,1,2U,1,1,3,1,7,Unknown,Unknown,,0,
2026-10-04 23:49:09 EDT,BMNG,27.93,,1,2U,2D,3,,1,1,2D,3,1,Unknown,Unknown,,0,
2026-10-04 23:49:09 EDT,BMNU,20.51,,1,2U,2D,3,,1,1,2D,3,1,Unknown,Unknown,,0,
2026-10-04 23:49:09 EDT,BMNZ,4.33,,2D,2D,2U,3,,1,1,2U,3,-5,Unknown,Unknown,,0,
2026-10-04 23:49:09 EDT,BMVP,52.03,1,2U,2D,2D,2U,2U,1,2D,2D,2U,0,Unknown,Unknown,,0,
2026-10-04 23:49:09 EDT,BND,69.93,1,2D,2D,2D,2U,3,2D,2D,2D,2U,-8,Unknown,Unknown,,0,
2026-10-04 23:49:09 EDT,BNDC,21.07,1,2D,2D,2D,2U,2D,2D,2D,2D,2U,-8,Unknown,Unknown,,0,
2026-10-04 23:49:09 EDT,BNDD,94.53,2D,2D,3,2D,2U,2D,2D,2D,2D,2U,-10,Unknown,Unknown,,0,
2026-10-04 23:49:09 EDT,BNDI,44.87,2D,2D,2D,2D,2U,2D,2D,2D,2D,2U,-13,Unknown,Unknown,,0,
2026-10-04 23:49:09 EDT,BNDP,70.73,,2D,2D,2D,2U,,2D,2D,2D,2U,-8,Unknown,Unknown,,0,
2026-10-04 23:49:09 EDT,BNDS,48.71,,2D,2D,2D,2U,,2D,2D,2D,2U,-8,Unknown,Unknown,,0,
2026-10-04 23:49:09 EDT,BNDW,65.72,1,2D,2D,2D,2U,2D,2D,2D,2D,2U,-8,Unknown,Unknown,,0,
